category,internal-sku,title,product-reference-value,product-reference-type,product-description,brand,condition,product-quantity-multiplier,colour,keywords,gender,material,variant-id,variant-colour-value,variant-size-value,image-size-chart,image-1,image-2,image-3,image-4,image-5,image-6,image-7,image-8,image-9,image-10,variant-image-1,variant-image-2,variant-image-3,variant-image-4,variant-image-5,variant-image-6,variant-image-7,variant-image-8,variant-image-9,variant-image-10,weight,weight-unit,width,width-unit,length,length-unit,height,height-unit,model-number,season,adult,restriction,gift-type,accessories-material,apparel-type,display-type,watch-case-diameter,watch-shape,water-resistance,watch-case-diameter-unit,sku,product-id,product-id-type,description,internal-description,price,price-additional-info,quantity,min-quantity-alert,state,available-start-date,available-end-date,logistic-class,discount-price,discount-start-date,discount-end-date,leadtime-to-ship,update-delete,quantity-multiplier,purchase-limit,club-catch-eligible,tax-au,click-and-collect-eligible
Jewellery & Accessories/Men's/Accessories/Watches/Sports Watches,GA110BT-1A,G-Shock Shock 200m Watch GA110BT-1A,GA110BT-1A,SKU,"Introducing a new basic black offering from G-SHOCK, the watch that blends cultures from around the globe into exciting new designs. The designs of this model incorporate the touch and texture of the leather jackets and work boots worn by tough men engaged in rough tasks. The molds used for forming the case and band are specially processed to give components the texture and feel of leather. The overall black coloring of this model give them a cool, bold look.",G-SHOCK,New,1,Black,G-Shock | Watches | Black,Male,,,,,,https://cdn.shopify.com/s/files/1/0385/8157/products/GA110BT_1A_1517356729.png?v=1571269847,,,,,,,,,,,,,,,,,,,,,,,,,,,,GA110BT-1A,,,,,Resin,Everyday,Analogue - Digital,55×51.2×16.9,Round,Yes,mm,GA110BT-1A,GA110BT-1A,SHOP_SKU,,,$269.00,,1,1,New,,,,$188.30,,,1,,,,TRUE,10,
Jewellery & Accessories/Women's/Accessories/Watches/Fashion Watches,FTW6035,Fossil Julianna HR Rose Gold-Tone Gen 5 Smartwatch,FTW6035,SKU,"Personalise your look with thousands of watch faces, and always see the time. With a swim-proof design and charging in less than an hour, the Fossil Julianna HR Gen 5 Smartwatch is perfect for all your activities.

Always-on AMOLED display
Stainless steel case
Qualcomm Snapdragon Wear 3100 processor
8GB storage, 1GB RAM
Touchscreen, rotating home button, 2 additional push buttons (configurable), voice input
Bluetooth 4.2 LE, GPS, NFC and Wi-Fi
Accelerometer, altimeter, ambient light, compass and gyroscope sensors
Off-body IR and PPG heart-rate sensors
30-m water resistant
Battery life of 24+ hours, multi-day Extended Mode",FOSSIL,New,1,Rose Gold,Fossil | Watch | Smartwatch | Rose Gold,Female,Stainless Steel,,,,,https://myer-media.com.au/wcsstore/MyerCatalogAssetStore/images/80/800/1543/103/1/740160550/740160550_1_720x928.jpg,,,,,,,,,,,,,,,,,,,,,,,,,,,,FTW6035,,,,,Stainless Steel,Everyday,Digital,44,Round,Yes,mm,FTW6035,FTW6035,SHOP_SKU,,,$499.00,,1,1,New,,,,$349.30,,,1,,,,TRUE,10,
Jewellery & Accessories/Men's/Accessories/Watches/Sports Watches,GWB5600HR-1D,G-Shock Bluetooth Black Resin Mens Watch  GWB5600HR-1D,GWB5600HR-1D,SKU,"This new GW-B5600HR comes with a new type of band and carries on the proud tradition of the distinctive square design 5000/5600 Series, which still maintains the same basic form as the original DW-5000C.

The outer segments of the band are made of resin embedded with metal parts, while the center segments are made of lightweight, highly durable fine resin. The inner surfaces of the center segments are colored with striking red for a distinctive accent. A one-press three-fold type band buckle makes fastening and unfastening quick and simple.

Function-wise, this model is designed for outstanding timekeeping accuracy using Bluetooth® data communication and MULTIBAND 6, which supports automatic time setting adjustment based on one of six time calibration signals around the globe. Time information also can be acquired from an internet time server using the G-SHOCK Connected* app running on a smartphone. Other functions include Tough Solar in combination with CASIO original power saving technology that delivers a stable supply of power, high-brightness Full Auto LED illumination, World Time, and more. Use of an advanced engine makes it possible to achieve high-density component mounting without affecting the size of the finished timepiece. This and much more creates a modern timepiece that delivers the perfect blend of looks and performance.

Smartphone Link
• World Time setting for approximately 300 cities and user's original 5 cities
• Auto time adjustment
• Simple setting configuration
• Reminder
• Time and place
• Phone finder
• 7-segment battery level indicator
MULTIBAND 6 (Automatically adjusts time settings based on reception of one of six time calibration signals around the globe: Japan (2), China, United States, England, Germany.)
Tough Solar
Five World Times
Super Illuminator with Full Auto light (2-seconds/4-seconds duration switching, fade in/fade out)
6 Day of the week languages: English, Spanish, French, German, Italian, Russian

* Smartphone app for use with G-SHOCK Smartphone Link models. It establishes a Bluetooth connection with the watch's Connected Engine for automatic time correction, configuration of World Time and other settings, and more. It also makes it possible to keep updated with the latest time zone and summer time information.

A Tough Solar power system generates enough energy to ensure uninterrupted operation of power-hungry functions.",G-SHOCK,New,1,Black,Watch | Black | G-Shock ,Male,,,,,,https://cdn.shopify.com/s/files/1/0018/1479/0191/products/gwb5600hr-1_391x.jpg?v=1569339247,,,,,,,,,,,,,,,,,,,,,,,,,,,,GWB5600HR-1D,,,,,Resin,Everyday,Digital,,Octagonal,Yes,,GWB5600HR-1D,GWB5600HR-1D,SHOP_SKU,,,$399.00,,1,1,New,,,,$279.30,,,1,,,,TRUE,10,
Jewellery & Accessories/Men's/Accessories/Watches/Sports Watches,GA110WB-7A,G-Shock White Men's Watch GA110WB-7A,GA110WB-7A,SKU,"From G-SHOCK, the watch brand that is constantly setting new standards for timekeeping toughness, comes a new white and light blue theme model.

This watch is based on the GA-110 in basic white and a light blue that symbolizes the summer blue sky, and the ocean. This color combination results in a cool, refreshing look.

Shock Resistant
Magnetic Resistant
200 Meter Water Resistant
Auto LED Light with Afterglow
World Time 29 times zones (48 cities + UTC), daylight saving on/off, home city and world time swapping",G-SHOCK,New,1,White,Watch | G-shock | White,Male,,,,,,https://casiocdn.com/casio-v2/resource/images/products/watches/large/GA110WB-7A_large.png,,,,,,,,,,,,,,,,,,,,,,,,,,,,GA110WB-7A,,,,,Resin,Everyday,Analogue - Digital,,Round,Yes,,GA110WB-7A,GA110WB-7A,SHOP_SKU,,,$289.00,,1,1,New,,,,$202.30,,,1,,,,TRUE,10,
