Category,"Internal SKU","Product title","Product reference value","Product reference type",Description,Brand,Condition,"Quantity multiplier",Colour,Keywords,Gender,Material,"Variant ID","Variant Colour Value","Variant Size Value","Image Size Chart","Image 1","Image 2","Image 3","Image 4","Image 5","Image 6","Image 7","Image 8","Image 9","Image 10","Variant Image 1","Variant Image 2","Variant Image 3","Variant Image 4","Variant Image 5","Variant Image 6","Variant Image 7","Variant Image 8","Variant Image 9","Variant Image 10",Weight,"Weight unit",Width,"Width unit",Length,"Length unit",Height,"Height unit","Model number",Season,Adult,Restriction,"Gift Type","Accessories Material",Occasion,"Underwear Style","Bag Style","Luggage Type","Luggage Size","Stone Type","Metal Type","Bra Style","Number of Pieces","Costume Theme","Frame Shape","Hat Type","Tie Type","Watch Case Diameter","Watch Shape","Display Type","Water Resistance","Watch Case Diameter unit","Bracelet Type","Earring Style","Necklace Type","General Size","Body Part","Compliance Sunglasses","Wallet Type","Hat Size"
"Lds Fash Watch",001-019-04702,"Abby Lane 'Emily' Collection Ladies Watch",7521-1AB,mpn,"Abby Lane 'Emily' Collection Ladies Watch. 
Silvertone Case  
Gun Sunray Diall with Crystal Set Bezel. 
Silvertone Bracelet. 
34mm case. 
Design: 7521-1AB<br>\n\n","Abby Lane",11,,,,,,,,,,http://3.24.235.118/api/eweb_products_import/img/product_image.jpg,,,,,,,,,,,,,,,,,,,,,,,,,,,,75211AB,,,,,,,,,,,,,,,,,,,,,,,,,,,,,,,,,
